{"format": "layers-model", "generatedBy": "keras v3.5.0", "convertedBy": "TensorFlow.js Converter v4.22.0", "modelTopology": {"keras_version": "3.5.0", "backend": "tensorflow", "model_config": {"class_name": "Sequential", "config": {"name": "sequential_5", "trainable": true, "dtype": {"module": "keras", "class_name": "DTypePolicy", "config": {"name": "float32"}, "registered_name": null}, "layers": [{"class_name": "InputLayer", "config": {"batch_shape": [null, 7], "dtype": "float32", "sparse": false, "name": "input_layer_5"}}, {"class_name": "Dense", "config": {"name": "dense_15", "trainable": true, "dtype": {"module": "keras", "class_name": "DTypePolicy", "config": {"name": "float32"}, "registered_name": null}, "units": 64, "activation": "relu", "use_bias": true, "kernel_initializer": {"module": "keras.initializers", "class_name": "GlorotUniform", "config": {"seed": null}, "registered_name": null}, "bias_initializer": {"module": "keras.initializers", "class_name": "Zeros", "config": {}, "registered_name": null}, "kernel_regularizer": {"module": "keras.regularizers", "class_name": "L2", "config": {"l2": 0.01}, "registered_name": null}, "bias_regularizer": null, "kernel_constraint": null, "bias_constraint": null}}, {"class_name": "Dropout", "config": {"name": "dropout_10", "trainable": true, "dtype": {"module": "keras", "class_name": "DTypePolicy", "config": {"name": "float32"}, "registered_name": null}, "rate": 0.3, "seed": null, "noise_shape": null}}, {"class_name": "Dense", "config": {"name": "dense_16", "trainable": true, "dtype": {"module": "keras", "class_name": "DTypePolicy", "config": {"name": "float32"}, "registered_name": null}, "units": 32, "activation": "relu", "use_bias": true, "kernel_initializer": {"module": "keras.initializers", "class_name": "GlorotUniform", "config": {"seed": null}, "registered_name": null}, "bias_initializer": {"module": "keras.initializers", "class_name": "Zeros", "config": {}, "registered_name": null}, "kernel_regularizer": {"module": "keras.regularizers", "class_name": "L2", "config": {"l2": 0.01}, "registered_name": null}, "bias_regularizer": null, "kernel_constraint": null, "bias_constraint": null}}, {"class_name": "Dropout", "config": {"name": "dropout_11", "trainable": true, "dtype": {"module": "keras", "class_name": "DTypePolicy", "config": {"name": "float32"}, "registered_name": null}, "rate": 0.3, "seed": null, "noise_shape": null}}, {"class_name": "Dense", "config": {"name": "dense_17", "trainable": true, "dtype": {"module": "keras", "class_name": "DTypePolicy", "config": {"name": "float32"}, "registered_name": null}, "units": 1, "activation": "sigmoid", "use_bias": true, "kernel_initializer": {"module": "keras.initializers", "class_name": "GlorotUniform", "config": {"seed": null}, "registered_name": null}, "bias_initializer": {"module": "keras.initializers", "class_name": "Zeros", "config": {}, "registered_name": null}, "kernel_regularizer": null, "bias_regularizer": null, "kernel_constraint": null, "bias_constraint": null}}], "build_input_shape": [null, 7]}}, "training_config": {"loss": "binary_crossentropy", "loss_weights": null, "metrics": ["accuracy", {"class_name": "Precision", "config": {"name": "precision_5", "dtype": "float32", "thresholds": null, "top_k": null, "class_id": null}}, {"class_name": "Recall", "config": {"name": "recall_5", "dtype": "float32", "thresholds": null, "top_k": null, "class_id": null}}], "weighted_metrics": null, "run_eagerly": false, "steps_per_execution": 1, "jit_compile": false, "optimizer_config": {"class_name": "Adam", "config": {"name": "adam", "learning_rate": 9.999999974752427e-07, "weight_decay": null, "clipnorm": null, "global_clipnorm": null, "clipvalue": null, "use_ema": false, "ema_momentum": 0.99, "ema_overwrite_frequency": null, "loss_scale_factor": null, "gradient_accumulation_steps": null, "beta_1": 0.9, "beta_2": 0.999, "epsilon": 1e-07, "amsgrad": false}}}}, "weightsManifest": [{"paths": ["group1-shard1of1.bin"], "weights": [{"name": "sequential_5/dense_15/kernel", "shape": [7, 64], "dtype": "float32"}, {"name": "sequential_5/dense_15/bias", "shape": [64], "dtype": "float32"}, {"name": "sequential_5/dense_16/kernel", "shape": [64, 32], "dtype": "float32"}, {"name": "sequential_5/dense_16/bias", "shape": [32], "dtype": "float32"}, {"name": "sequential_5/dense_17/kernel", "shape": [32, 1], "dtype": "float32"}, {"name": "sequential_5/dense_17/bias", "shape": [1], "dtype": "float32"}]}]}